City_ID,City,Lat,Lng,Max Temp,Pressure,Humidity,Cloudiness,Wind Speed,Country,Date
0,Gunnison,38.7,-107.0673,-23.53,1034,78,7,2.52,US,1733016385
1,Afaahiti,-17.75,-149.2833,26.59,1011,77,60,3.99,PF,1733016385
2,Ban Karon,7.8477,98.2985,28.77,1010,84,99,2.75,TH,1733016385
3,Iqaluit,63.7506,-68.5145,-6.15,1020,57,75,6.17,CA,1733016386
4,Port-aux-Français,-49.35,70.2167,5.84,984,95,100,12.89,TF,1733016386
5,Plastun,44.7561,136.2939,-4.0,1011,50,0,4.32,RU,1733016386
6,Onguday,50.75,86.15,-6.05,1027,97,59,1.15,RU,1733016386
7,Dali,25.7,100.1833,7.74,1017,74,100,1.22,CN,1733016387
8,Blackmans Bay,-43.0167,147.3167,25.41,997,64,2,1.79,AU,1733016387
9,Sedro-Woolley,48.5039,-122.2361,7.12,1025,81,100,0.0,US,1733016387
10,Lebu,-37.6167,-73.65,13.72,1016,70,100,6.74,CL,1733016230
11,Albany,42.6001,-73.9662,-1.48,1016,67,93,1.79,US,1733016387
12,Arnö,60.1167,18.6333,5.87,1016,88,100,7.46,SE,1733016319
13,Island Harbour,50.724,-1.2758,12.23,1018,93,100,5.36,GB,1733016388
14,Thompson,55.7435,-97.8558,-13.91,1030,78,100,4.12,CA,1733016387
15,Chibougamau,49.9168,-74.3659,-6.21,1006,93,100,2.57,CA,1733016388
16,Puerto Natales,-51.7236,-72.4875,5.57,1002,71,18,3.74,CL,1733016164
17,Port Macquarie,-31.4333,152.9167,25.6,1008,83,31,2.24,AU,1733016388
18,Cidreira,-30.1811,-50.2056,20.56,1016,82,73,4.58,BR,1733016388
19,Turbat,26.0023,63.044,21.47,1013,64,0,1.68,PK,1733016388
20,Port Mathurin,-19.6833,63.4167,24.5,1014,77,46,8.51,MU,1733016388
21,Vilyuchinsk,52.9306,158.4028,1.15,993,99,100,1.51,RU,1733016388
22,Ushuaia,-54.8,-68.3,4.81,993,75,75,11.83,AR,1733016194
23,Utrik,11.2278,169.8474,27.78,1009,80,52,10.79,MH,1733016388
24,Lewistown,40.5992,-77.5714,-3.24,1021,79,100,3.6,US,1733016388
25,Invercargill,-46.4,168.35,16.12,1022,71,100,5.81,NZ,1733016389
26,Mount Isa,-20.7333,139.5,32.87,1008,49,20,3.6,AU,1733016389
27,Hasaki,35.7333,140.8333,14.61,1015,40,0,3.05,JP,1733016389
28,Edinburgh of the Seven Seas,-37.0676,-12.3116,16.53,1012,98,99,9.26,SH,1733016319
29,Petropavlovsk-Kamchatskiy,53.0452,158.6483,0.33,993,100,75,3.0,RU,1733016389
30,Olonkinbyen,70.9221,-8.7187,-10.62,1020,63,100,7.1,SJ,1733016389
31,Margaret River,-33.95,115.0667,18.19,1003,65,6,5.81,AU,1733016389
32,Ovruch,51.3246,28.8035,2.81,1036,93,100,1.31,UA,1733016389
33,Ilulissat,69.2167,-51.1,-24.31,1025,84,7,2.91,GL,1733016389
34,Ar Ruways,24.1103,52.7306,21.05,1017,62,0,7.54,AE,1733016389
35,Yaren,-0.5472,166.916,28.0,1006,75,7,5.6,NR,1733016389
36,Carutapera,-1.195,-46.02,26.52,1012,79,6,3.43,BR,1733016390
37,Adamstown,-25.066,-130.1015,23.29,1019,81,100,6.64,PN,1733016391
38,At Tāj,24.2049,23.2857,11.53,1022,57,0,3.52,LY,1733016391
39,Papatowai,-46.5619,169.4708,17.34,1020,42,88,4.91,NZ,1733016391
40,Bethel,41.3712,-73.414,-0.59,1017,65,0,2.06,US,1733016362
41,Saint Paul Harbor,57.79,-152.4072,-0.27,1006,93,100,2.57,US,1733016230
42,Bintulu,3.1667,113.0333,27.23,1009,94,20,1.54,MY,1733016391
43,Kudahuvadhoo,2.6708,72.8944,27.93,1009,69,93,9.21,MV,1733016391
44,Sitka,57.0531,-135.33,-3.06,1015,54,0,1.54,US,1733016391
45,Tiksi,71.6872,128.8694,-23.81,1027,98,100,1.79,RU,1733016391
46,Vytegra,61.0064,36.4481,3.08,1014,94,100,6.37,RU,1733016392
47,Gadzhiyevo,69.2551,33.3362,-8.35,1005,86,92,7.73,RU,1733016392
48,Aasiaat,68.7098,-52.8699,-20.67,1024,99,93,2.89,GL,1733016392
49,Dawesville,30.9224,-84.0091,4.23,1025,81,0,0.0,US,1733016392
50,Westport,41.1415,-73.3579,1.06,1017,60,0,4.12,US,1733016392
51,Bilibino,68.0546,166.4372,-16.61,1026,98,100,1.45,RU,1733016392
52,Tubara,10.8744,-74.9789,27.53,1009,87,74,1.77,CO,1733016392
53,Maksatikha,57.797,35.8825,1.86,1024,95,100,4.82,RU,1733016392
54,Jamestown,42.097,-79.2353,-5.55,1019,71,100,5.14,US,1733016247
55,Poso,-1.3959,120.7524,29.65,1010,68,91,1.15,ID,1733016394
56,Cabo San Lucas,22.8909,-109.9124,24.17,1015,76,20,3.09,MX,1733016100
57,Thabazimbi,-24.5917,27.4116,18.38,1015,49,0,2.25,ZA,1733016394
58,Puerto Ayora,-0.7393,-90.3518,21.01,1012,83,100,4.21,EC,1733016394
59,Dudinka,69.4058,86.1778,-10.76,1011,77,100,12.89,RU,1733016394
60,Saipan,15.1355,145.701,31.39,1011,74,40,7.2,MP,1733016394
61,Weno,7.4515,151.8468,30.97,1008,74,75,4.12,FM,1733016394
62,Río San Juan,19.6439,-70.0763,25.19,1016,89,100,2.78,DO,1733016394
63,Qaqortoq,60.7167,-46.0333,-7.75,1017,64,100,3.87,GL,1733016394
64,Tanjung Pandan,-2.75,107.65,29.06,1009,68,100,2.1,ID,1733016394
65,Kupang,-10.1667,123.5833,31.32,1008,79,75,3.09,ID,1733016394
66,Whitehorse,60.7161,-135.0538,-26.57,1036,76,20,6.69,CA,1733016231
67,Pangody,65.85,74.4859,-8.0,1001,94,100,7.39,RU,1733016395
68,Talnakh,69.4865,88.3972,-9.95,1014,68,100,9.03,RU,1733016395
69,Hermanus,-34.4187,19.2345,13.22,1019,79,97,3.62,ZA,1733016395
70,Ribeira Grande,38.5167,-28.7,17.1,1027,80,100,2.24,PT,1733016395
71,Temiskaming Shores,47.4938,-79.7153,-7.11,1007,85,100,2.7,CA,1733016395
72,Tsiombe,-25.3,45.4833,20.09,1014,76,3,2.17,MG,1733016395
73,New Norfolk,-42.7826,147.0587,26.07,998,43,14,3.97,AU,1733016395
74,Tralee,52.2704,-9.7026,9.69,1006,97,24,2.29,IE,1733016395
75,Olinda,-8.0089,-34.8553,25.85,1014,73,20,2.57,BR,1733016395
76,Port Elizabeth,-33.918,25.5701,18.16,1019,95,40,3.09,ZA,1733016395
77,Laguna,38.421,-121.4238,11.14,1019,82,0,2.57,US,1733016395
78,Nova Sintra,14.8667,-24.7167,26.37,1015,69,100,7.22,CV,1733016396
79,Mezhdurechenskiy,59.6,65.9333,-5.66,1013,94,14,3.51,RU,1733016397
80,Sonoita,31.85,-112.8333,19.74,1016,24,0,2.68,MX,1733016397
81,Iquique,-20.2208,-70.1431,19.22,1015,79,88,1.46,CL,1733016167
82,Whitecourt,54.1502,-115.6855,-17.42,1032,78,100,6.69,CA,1733016397
83,Safi,32.1667,-8.8333,18.78,1023,37,100,1.27,MA,1733016397
84,Severoural'sk,60.1533,59.952,-6.54,1017,88,19,2.79,RU,1733016397
85,Kattivākkam,13.2167,80.3167,27.05,1003,99,97,6.22,IN,1733016397
86,Salé,34.0389,-6.8166,26.38,1021,24,100,3.6,MA,1733016397
87,Langepas,61.2544,75.2124,-9.3,1011,96,95,3.97,RU,1733016397
88,Grytviken,-54.2811,-36.5092,1.56,993,76,11,4.31,GS,1733016398
89,Santa Luzia,-19.7697,-43.8514,23.21,1014,93,100,2.06,BR,1733016398
90,Waitangi,-43.9535,-176.5597,14.9,1018,77,38,4.47,NZ,1733016398
91,Kachīry,53.0675,76.1036,-16.96,1022,98,85,1.77,KZ,1733016398
92,Corner Brook,48.9667,-57.9484,-0.82,1006,89,33,2.14,CA,1733016098
93,Anadyr,64.75,177.4833,-0.72,1029,80,40,8.0,RU,1733016398
94,Matoury,4.8483,-52.3317,27.98,1014,83,100,3.6,GF,1733016105
95,Rémire-Montjoly,4.9167,-52.2667,28.02,1013,83,100,3.6,GF,1733016398
96,East London,-33.0153,27.9116,18.85,1019,80,91,0.8,ZA,1733016398
97,Mermoz Boabab,14.7065,-17.4758,25.88,1013,69,0,5.14,SN,1733016398
98,Katsuren-haebaru,26.3369,127.8719,22.83,1018,59,0,2.57,JP,1733016398
99,Flying Fish Cove,-10.4217,105.6791,27.57,1010,82,97,4.19,CX,1733016399
100,Masterton,-40.9597,175.6575,23.77,1020,50,14,3.98,NZ,1733016399
101,Ebon,4.582,168.6964,28.67,1006,74,73,5.78,MH,1733016399
102,Vuktyl,63.8567,57.3094,-7.87,1012,90,100,4.83,RU,1733016399
103,Nogliki,51.8333,143.1667,-2.3,998,94,100,4.28,RU,1733016399
104,Haiku-Pauwela,20.9219,-156.3051,27.01,1014,65,20,8.94,US,1733016399
105,Port Alfred,-33.5906,26.891,14.54,1019,96,33,2.27,ZA,1733016399
106,Alofi,-19.0595,-169.9187,26.94,1009,83,75,5.66,NU,1733016399
107,Kayes,14.0,-11.0,22.89,1014,16,0,2.46,ML,1733016399
108,Maisi,43.0395,41.2621,1.61,1029,76,36,2.56,GE,1733016399
109,Gondiā,21.45,80.2,16.61,1012,72,100,2.13,IN,1733016400
110,Río Segundo,-31.6526,-63.9099,18.42,1008,71,95,1.98,AR,1733016400
111,Sangīn,32.0728,64.8359,13.61,1015,51,79,2.91,AF,1733016400
112,Malango,-2.9627,119.9001,20.87,1012,98,100,0.01,ID,1733016400
113,Altoona,40.5187,-78.3947,-5.44,1021,75,0,4.89,US,1733016400
114,Yellowknife,62.456,-114.3525,-17.47,1035,95,100,3.09,CA,1733016400
115,Polyarny,69.1989,33.4478,-8.16,1005,86,92,7.26,RU,1733016400
116,San Luis de la Loma,17.2706,-100.8939,25.57,1012,83,0,3.03,MX,1733016400
117,Akhuryan,40.78,43.9003,-15.16,1032,85,37,2.06,AM,1733016400
118,Sabang,5.8933,95.3214,26.55,1010,77,100,1.72,ID,1733016400
119,Alaghsas,17.0187,8.0168,18.01,1018,20,100,5.99,NE,1733016400
120,Ciudad Constitución,25.0369,-111.6644,22.46,1015,42,100,4.81,MX,1733016400
121,Oranjemund,-28.55,16.4333,15.01,1017,94,47,6.09,NA,1733016400
122,Walvis Bay,-22.9575,14.5053,15.14,1011,89,6,2.46,NA,1733016401
123,Arteche,12.2645,125.4048,27.89,1008,83,95,1.97,PH,1733016401
124,Crane,31.3974,-102.3501,13.18,1020,35,100,2.55,US,1733016401
125,Stanley,54.868,-1.6985,11.01,1011,92,20,4.63,GB,1733016401
126,Kratié,12.4881,106.0188,23.17,1011,75,1,4.41,KH,1733016401
127,Newman,37.3138,-121.0208,12.81,1019,50,82,2.48,US,1733016260
128,Zwedru,6.0667,-8.1281,22.32,1013,84,6,0.27,LR,1733016401
129,Isafjordur,66.0755,-23.124,-7.9,1020,83,100,11.79,IS,1733016401
130,Guajará-Mirim,-10.7828,-65.3394,27.78,1008,64,100,1.35,BR,1733016401
131,Nouadhibou,20.931,-17.0347,22.99,1018,38,7,3.6,MR,1733016401
132,Chonchi,-42.6128,-73.8092,10.62,1014,92,89,1.59,CL,1733016401
133,Arkhara,49.4212,130.0842,-20.32,1017,91,21,1.47,RU,1733016402
134,Hadibu,12.65,54.0333,24.93,1014,73,6,4.75,YE,1733016402
135,Lompoc,34.6391,-120.4579,17.79,1017,47,0,0.45,US,1733016392
136,Mukalla,14.5425,49.1242,23.92,1015,74,100,0.45,YE,1733016402
137,Pisco,-13.7,-76.2167,19.03,1013,88,20,5.14,PE,1733016402
138,Ust-Nera,64.5667,143.2,-23.1,1026,100,100,0.78,RU,1733016402
139,Choyr,46.3611,108.3611,-9.46,1024,32,0,7.83,MN,1733016402
140,Shingū,33.7333,135.9833,13.09,1018,52,0,0.79,JP,1733016402
141,Atafu Village,-8.5421,-172.5159,28.36,1007,74,22,7.31,TK,1733016402
142,Sur,22.5667,59.5289,24.42,1013,64,0,1.05,OM,1733016402
143,Nemuro,43.3236,145.575,3.64,1005,54,0,7.03,JP,1733016402
144,Punta Arenas,-53.15,-70.9167,6.06,998,75,0,10.8,CL,1733016403
145,Yangchun,22.1667,111.7833,17.94,1017,58,61,1.05,CN,1733016403
146,Cologne,50.9333,6.95,3.13,1026,82,0,4.63,DE,1733016145
147,Quibala,-10.7337,14.98,17.03,1014,98,100,1.53,AO,1733016403
148,Vilhena,-12.7406,-60.1458,21.62,1011,93,100,1.1,BR,1733016219
149,Egilsstadir,65.2653,-14.3948,-3.05,1008,100,100,13.89,IS,1733016403
150,Castillos,-34.1667,-53.8333,14.7,1016,75,97,2.95,UY,1733016403
151,Port Saint John's,-31.6229,29.5448,20.62,1018,81,88,0.61,ZA,1733016403
152,Kasongo-Lunda,-6.4667,16.8167,21.55,1012,98,100,0.66,CD,1733016403
153,Al Bawīţī,28.3492,28.8659,12.55,1022,78,0,2.94,EG,1733016403
154,Tsarychanka,48.937,34.4786,-1.65,1036,91,9,2.48,UA,1733016403
155,Kununurra,-15.7667,128.7333,33.99,1007,55,20,3.6,AU,1733016404
156,Wailua Homesteads,22.0669,-159.378,26.59,1014,73,0,3.6,US,1733016404
157,Udachny,66.4167,112.4,-34.86,1036,100,37,1.25,RU,1733016404
158,Ighiu,46.15,23.5167,4.93,1032,87,100,3.25,RO,1733016404
159,Port Lincoln,-34.7333,135.8667,20.48,1007,57,100,1.68,AU,1733016404
160,North Platte,41.1239,-100.7654,1.88,1021,69,70,2.68,US,1733016404
161,Nedroma,35.0136,-1.748,12.64,1024,47,5,0.75,DZ,1733016404
162,La Sarre,48.8002,-79.1996,-6.33,1006,98,99,1.22,CA,1733016407
163,Usogorsk,63.4106,48.6872,-8.32,1016,95,100,3.42,RU,1733016407
164,Vila Franca do Campo,37.7167,-25.4333,18.27,1026,99,98,3.21,PT,1733016407
165,Vorkuta,67.5,64.0,-6.24,1000,93,100,5.01,RU,1733016407
166,Touros,-5.1989,-35.4608,25.08,1013,78,26,4.41,BR,1733016407
167,College,64.8569,-147.8028,-19.75,1025,77,100,4.12,US,1733016407
168,Labuan Bajo,-8.4964,119.8877,29.1,1008,76,100,0.25,ID,1733016407
169,Wynyard,-41.0,145.7167,16.77,1000,95,100,2.24,AU,1733016407
170,Fale old settlement,-9.3852,-171.2468,29.01,1007,64,100,6.19,TK,1733016407
171,Miguelópolis,-20.1794,-48.0319,25.85,1011,74,100,0.41,BR,1733016408
172,Lüderitz,-26.6481,15.1594,16.92,1013,62,40,9.29,NA,1733016408
173,Awjilah,29.1081,21.2869,15.23,1022,43,0,3.84,LY,1733016408
174,Hithadhoo,-0.6,73.0833,27.07,1010,82,100,8.51,MV,1733016408
175,Erechim,-27.6342,-52.2739,19.0,1012,81,84,3.15,BR,1733016408
176,Sofiyivka,48.0493,33.8746,-1.64,1036,83,17,3.27,UA,1733016409
177,Luwuk,-0.9516,122.7875,28.87,1010,65,79,0.99,ID,1733016410
178,Bredasdorp,-34.5322,20.0403,15.95,1020,76,38,1.84,ZA,1733016411
179,Nuku'alofa,-21.1333,-175.2,24.19,1009,100,100,5.14,TO,1733016411
180,Bako,5.7833,36.5667,18.12,1013,75,90,1.76,ET,1733016411
181,Kapaa,22.0752,-159.319,27.33,1014,72,0,3.6,US,1733016411
182,Priozersk,61.0393,30.1291,5.05,1014,87,100,7.16,RU,1733016411
183,Porto-Novo,6.4965,2.6036,25.15,1011,56,90,1.38,BJ,1733016411
184,Fiambalá,-27.6871,-67.6149,24.31,1005,60,0,1.67,AR,1733016411
185,Chernyshevsk,52.5243,117.0174,-25.76,1024,95,11,2.22,RU,1733016411
186,Khorixas,-20.3667,14.9667,22.48,1012,34,38,1.13,NA,1733016412
187,Gamba,-2.65,10.0,24.85,1011,87,100,1.63,GA,1733016412
188,Mahanje,-9.9333,35.3333,18.51,1014,94,100,0.71,TZ,1733016412
189,Lihue,21.9789,-159.3672,26.92,1014,67,0,3.6,US,1733016412
190,Mendeleyevo,56.0333,37.2167,0.82,1030,86,100,5.0,RU,1733016412
191,Inyonga,-6.7167,32.0667,18.8,1013,94,100,1.93,TZ,1733016412
192,Madalena,41.2162,-8.3345,18.32,1024,61,100,1.24,PT,1733016412
193,Calbuco,-41.768,-73.1273,11.71,1015,79,90,3.29,CL,1733016412
194,Portland,45.5234,-122.6762,5.75,1024,85,0,0.89,US,1733016413
195,Chandler,33.3062,-111.8412,22.04,1016,29,0,3.09,US,1733016190
196,Mossamedes,-15.1961,12.1522,21.43,1012,80,100,2.38,AO,1733016413
197,Chui,-33.6971,-53.4616,15.67,1016,73,94,3.24,UY,1733016414
198,Rongelap,11.1635,166.8941,28.03,1009,80,100,10.55,MH,1733016414
199,Buon Ma Thuot,12.6667,108.05,23.04,1012,71,100,3.38,VN,1733016414
200,Evergreen,39.6333,-105.3172,3.09,1019,37,100,1.34,US,1733016414
201,Reggane,26.7158,0.1714,17.36,1021,25,78,4.83,DZ,1733016414
202,Moranbah,-22.0016,148.0466,30.3,1009,47,92,1.43,AU,1733016415
203,Asău,46.4333,26.4,3.16,1035,96,100,1.46,RO,1733016415
204,Yazd,31.8972,54.3675,4.06,1026,45,0,3.09,IR,1733016415
205,Pauini,-7.7136,-66.9764,26.32,1009,73,85,1.25,BR,1733016415
206,Geraldton,-28.7667,114.6,23.23,1007,53,75,5.14,AU,1733016415
207,Nguigmi,14.2495,13.1092,17.83,1016,30,7,5.31,NE,1733016415
208,Nuuk,64.1835,-51.7216,-2.66,1017,63,100,6.17,GL,1733016415
209,Shetpe,44.1667,52.1167,-0.39,1031,90,100,1.32,KZ,1733016415
210,Faya-Largeau,17.9257,19.1043,17.15,1018,30,25,7.7,TD,1733016417
211,Zhangjiakou,40.81,114.8794,-0.34,1015,60,0,1.03,CN,1733016417
212,Kruisfontein,-34.0033,24.7314,14.02,1019,87,5,2.56,ZA,1733016417
213,Worland,44.0169,-107.9554,-3.75,1020,69,0,1.54,US,1733016417
214,Tazovsky,67.4667,78.7,-8.74,1003,94,100,8.86,RU,1733016417
215,São Pedro do Sul,-29.6206,-54.1789,22.97,1011,67,0,7.0,BR,1733016417
216,Vozhega,60.4725,40.2213,0.32,1017,97,100,5.12,RU,1733016417
217,Labrador City,52.9463,-66.9114,-6.01,993,86,100,9.83,CA,1733016417
218,Tannum Sands,-23.9504,151.3693,33.19,1009,66,20,4.63,AU,1733016417
219,Odda,60.0691,6.5457,6.41,1015,100,100,3.76,NO,1733016136
220,Yuzhno-Kurilsk,44.0306,145.8556,3.5,1003,67,87,8.85,RU,1733016418
221,Naryan-Mar,67.6713,53.087,-6.35,1000,89,70,10.28,RU,1733016418
222,Codrington,-38.2667,141.9667,16.53,1003,92,100,5.73,AU,1733016418
223,Kongoussi,13.3258,-1.5347,19.82,1015,18,2,3.58,BF,1733016418
224,Sant Lluís,39.8526,4.2594,13.22,1026,88,75,2.06,ES,1733016419
225,Perşembe,41.0656,37.7714,4.68,1028,78,100,2.46,TR,1733016419
226,Vorgashor,67.5833,63.95,-6.65,999,94,100,5.18,RU,1733016419
227,Bengkulu,-3.8004,102.2655,26.06,1010,82,100,1.92,ID,1733016419
228,Keflavik,64.0049,-22.5624,-3.76,1011,74,75,13.38,IS,1733016419
229,Mora,11.0461,14.1401,18.45,1015,32,88,1.97,CM,1733016420
230,Stony Plain,53.5334,-114.0021,-17.15,1032,84,100,4.63,CA,1733016420
231,Lake Albert,-35.1667,147.3833,26.59,1006,49,77,2.24,AU,1733016420
232,Richards Bay,-28.783,32.0377,18.5,1017,89,2,2.13,ZA,1733016420
233,Komotini,41.1228,25.3964,11.7,1023,76,100,2.24,GR,1733016420
234,San Martín,-33.081,-68.4681,21.41,1004,67,0,5.89,AR,1733016420
235,Shahrud,36.4182,54.9763,-0.67,1030,60,13,3.28,IR,1733016420
236,Muli,2.9167,73.5667,28.09,1009,67,97,9.22,MV,1733016420
237,Spring Creek,40.7266,-115.5859,-1.18,1025,68,2,1.87,US,1733016420
238,Montmagny,48.9734,2.3469,2.27,1024,100,100,4.12,FR,1733016420
239,Pontevedra,42.431,-8.6444,17.5,1022,95,100,2.21,ES,1733016420
240,Hamilton,39.1834,-84.5333,0.14,1024,84,100,4.63,US,1733016346
241,Vernon,50.2581,-119.2691,3.02,1025,74,100,2.24,CA,1733016421
242,Wej,26.2455,36.4525,18.97,1015,42,0,2.06,SA,1733016421
243,Hūn,29.1268,15.9477,14.4,1022,33,36,4.09,LY,1733016421
244,Copala,16.65,-98.9833,24.95,1011,86,17,2.92,MX,1733016421
245,Undurkhaan,47.3194,110.6556,-10.06,1024,56,0,7.24,MN,1733016421
246,Bayanhongor,46.7167,100.1167,-18.2,1030,79,59,2.04,MN,1733016421
247,Otofuke,42.9917,143.2003,4.53,1006,62,3,8.09,JP,1733016421
248,Merca,1.7159,44.7717,25.39,1011,78,6,5.73,SO,1733016421
249,Caleta Olivia,-46.4393,-67.5281,18.48,997,30,3,13.59,AR,1733016421
250,Al Ghayzah,16.2079,52.176,23.8,1015,59,42,0.14,YE,1733016421
251,Kerikeri,-35.2268,173.9474,20.08,1022,67,100,3.03,NZ,1733016422
252,Constanța,44.1833,28.65,4.38,1030,71,99,9.72,RO,1733016422
253,Okha,53.5739,142.9478,-1.61,998,92,42,1.72,RU,1733016422
254,Uetendorf,46.7739,7.5725,1.12,1030,90,100,3.09,CH,1733016422
255,Buala,-8.145,159.5921,29.56,1007,71,100,1.56,SB,1733016422
256,Avarua,-21.2078,-159.775,27.03,1013,65,20,5.14,CK,1733016404
257,Lebyazh'ye,55.2689,66.4947,-10.98,1020,96,8,3.2,RU,1733016422
258,Nampula,-15.1165,39.2666,19.97,1014,83,40,3.6,MZ,1733016422
259,Itoman,26.1247,127.6694,22.83,1018,53,75,2.57,JP,1733016423
260,Necochea,-38.5473,-58.7368,14.68,1012,63,6,7.84,AR,1733016423
261,Lom Sak,16.7798,101.2422,18.94,1013,94,0,0.0,TH,1733016423
262,Ratnagiri,16.9833,73.3,22.25,1009,53,100,2.27,IN,1733016423
263,Vila do Maio,15.1333,-23.2167,24.09,1015,86,100,3.73,CV,1733016424
264,Brumunddal,60.881,10.9395,1.71,1015,99,100,0.67,NO,1733016424
265,Labasa,-16.4167,179.3833,27.11,1008,78,100,3.24,FJ,1733016424
266,Kucha,41.7278,82.9364,-2.57,1023,76,100,0.36,CN,1733016424
267,West Island,-12.1568,96.8225,28.99,1009,79,6,2.06,CC,1733016424
268,Simaria,24.8,81.15,13.28,1014,44,100,0.62,IN,1733016424
269,Muzaffargarh,30.0754,71.1921,15.01,1013,30,0,1.3,PK,1733016425
270,Hawaiian Paradise Park,19.5933,-154.9731,26.04,1013,69,20,3.09,US,1733016425
271,Kingston,17.997,-76.7936,27.53,1015,83,20,5.14,JM,1733016296
272,Bandarbeyla,9.4942,50.8122,25.04,1013,73,1,6.31,SO,1733016426
273,Felipe Carrillo Puerto,19.5833,-88.05,23.97,1017,80,100,0.87,MX,1733016296
274,Kenora,49.8167,-94.4337,-8.32,1023,92,100,3.23,CA,1733016426
275,Salinópolis,-0.6136,-47.3561,27.38,1012,80,6,5.15,BR,1733016426
276,Tôlanaro,-25.0319,46.9987,18.92,1015,86,0,2.38,MG,1733016426
277,Fortuna,40.5982,-124.1573,8.51,1020,85,0,2.57,US,1733016426
278,Praia da Vitória,38.7333,-27.0667,15.14,1027,77,20,5.19,PT,1733016256
279,Hue,16.4667,107.6,22.06,1014,83,40,2.57,VN,1733016426
280,Upata,8.0086,-62.3989,24.83,1012,74,3,3.18,VE,1733016427
281,Ikwiriri,-7.9562,38.9716,22.62,1012,97,100,1.4,TZ,1733016427
282,Visalia,36.3302,-119.2921,11.09,1018,88,0,2.57,US,1733016427
283,Ishigaki,24.3448,124.1572,24.07,1017,57,20,4.12,JP,1733016427
284,Mili,6.0815,171.735,28.35,1006,77,99,7.2,MH,1733016428
285,Katlenburg-Lindau,51.6833,10.1,3.27,1028,88,0,2.76,DE,1733016428
286,Ardakān,32.31,54.0175,4.75,1026,51,0,4.44,IR,1733016428
287,Bukittinggi,-0.3091,100.3706,22.56,1012,73,100,1.28,ID,1733016429
288,Cannonvale,-20.2833,148.7,24.66,1009,73,17,3.0,AU,1733016429
289,Victorica,-36.2151,-65.4359,16.6,1007,71,0,5.86,AR,1733016429
290,Rio de Janeiro,-22.9028,-43.2075,26.0,1014,93,100,2.57,BR,1733015749
291,Dampit,-8.2116,112.7493,26.89,1010,80,100,1.04,ID,1733016429
292,Wagar,16.1525,36.2032,21.85,1013,70,4,5.21,SD,1733016429
293,Kiiminki,65.1314,25.7974,-2.35,1006,100,100,0.52,FI,1733016429
294,Dunedin,-45.8742,170.5036,15.62,1021,61,100,4.58,NZ,1733016429
295,Tabas,33.5959,56.9244,6.53,1024,39,0,4.38,IR,1733016429
296,Ambovombe,-25.1667,46.0833,20.26,1014,79,3,2.92,MG,1733016429
297,Severo-Yeniseyskiy,60.3725,93.0408,-21.6,1033,94,18,1.67,RU,1733016429
298,Peace River,56.2501,-117.286,-28.83,1037,83,0,1.03,CA,1733016429
299,St. John's,47.5649,-52.7093,4.53,1006,95,100,6.17,CA,1733016429
300,Tura,25.5198,90.2201,15.96,1012,78,0,1.56,IN,1733016430
301,Rtishchevo,52.2604,43.7874,-2.59,1034,96,100,1.5,RU,1733016430
302,Tindouf,27.6711,-8.1474,15.25,1024,31,0,2.06,DZ,1733016430
303,Çifteler,39.3831,31.0392,2.34,1026,80,95,2.32,TR,1733016430
304,Ulladulla,-35.35,150.4667,27.06,1004,52,100,2.31,AU,1733016430
305,Guerrero Negro,27.9769,-114.0611,20.27,1015,46,100,3.63,MX,1733016430
306,San Patricio,28.017,-97.5169,17.97,1022,63,100,3.96,US,1733016430
307,Khovd,48.0056,91.6419,-9.8,1028,61,100,2.03,MN,1733016430
308,Maceió,-9.6658,-35.7353,23.69,1014,88,20,1.54,BR,1733016430
309,Caleta de Carquín,-11.0925,-77.6267,20.22,1013,89,100,4.69,PE,1733016430
310,Papao,-17.75,-149.55,29.82,1011,70,68,2.81,PF,1733016430
311,Padang,-0.9492,100.3543,28.03,1011,74,100,1.14,ID,1733016431
312,Ubari,26.5921,12.7805,11.41,1023,42,0,0.93,LY,1733016431
313,Huarmey,-10.0681,-78.1522,20.52,1013,87,100,3.69,PE,1733016431
314,Saint-Pierre,-21.3393,55.4781,22.82,1015,56,100,3.6,RE,1733016293
315,Brookings,44.3114,-96.7984,-10.53,1029,71,100,3.09,US,1733016333
316,Tafresh,34.692,50.013,-1.57,1027,66,0,1.76,IR,1733016432
317,San Antonio de Palé,-1.4014,5.6325,26.38,1011,82,100,3.15,GQ,1733016432
318,Bull Savanna,17.8868,-77.5902,24.73,1014,84,13,2.82,JM,1733016432
319,Dubovka,49.0583,44.829,-0.07,1034,86,55,3.19,RU,1733016432
320,Bobo-Dioulasso,11.1771,-4.2979,19.25,1014,39,0,3.09,BF,1733016151
321,Chipiona,36.7366,-6.437,18.8,1023,65,100,5.66,ES,1733016432
322,Carnarvon,-24.8667,113.6333,23.66,1007,67,0,6.12,AU,1733016433
323,Finisterra,42.9049,-9.2629,15.79,1020,93,100,7.39,ES,1733016433
324,Nizhnevartovsk,60.9344,76.5531,-7.99,1012,86,100,6.0,RU,1733016433
325,Muroto-misakicho,33.2833,134.15,13.17,1019,57,0,1.72,JP,1733016433
326,Cockburn Town,21.4612,-71.1419,25.98,1016,94,40,2.06,TC,1733016433
327,Zag,46.9441,99.165,-16.82,1030,89,2,1.51,MN,1733016434
328,Inarajan Village,13.2736,144.7484,30.78,1011,88,100,7.19,GU,1733016434
329,Tejen,37.3834,60.5054,5.56,1031,61,64,1.63,TM,1733016434
330,Lensk,60.7253,114.9278,-30.85,1037,100,97,1.47,RU,1733016434
331,Arraial do Cabo,-22.9661,-42.0278,23.67,1014,93,29,2.45,BR,1733016435
332,Beira,-19.8436,34.8389,21.05,1016,78,40,2.57,MZ,1733016435
333,Dibba Al-Fujairah,25.5923,56.26,20.0,1014,59,0,3.38,AE,1733016435
334,Borba,-4.3878,-59.5939,31.0,1008,42,100,1.81,BR,1733016435
335,Artesia,33.8658,-118.0831,20.63,1016,46,0,0.45,US,1733016435
336,Margate,51.3813,1.3862,10.49,1021,89,100,0.89,GB,1733016435
337,Sivrihisar,39.4504,31.5341,1.67,1026,82,80,2.5,TR,1733016376
338,Amga,60.8953,131.9608,-23.03,1023,100,92,1.2,RU,1733016435
339,Phan Rang-Thap Cham,11.5667,108.9833,26.1,1010,68,99,2.54,VN,1733016435
340,Auki,-8.7676,160.7034,28.29,1007,80,100,2.57,SB,1733016435
341,Nan,18.8333,100.6667,17.01,1013,100,100,0.0,TH,1733016249
342,Sanming,26.2486,117.6186,13.71,1019,56,53,0.25,CN,1733016436
343,Korla,41.7597,86.1469,-2.48,1023,74,90,0.64,CN,1733016436
344,Arkhangelsk,64.5401,40.5433,-4.94,1010,100,40,2.0,RU,1733016436
345,Chhatarpur,24.9,79.6,12.91,1015,47,33,0.89,IN,1733016436
346,Salekhard,66.53,66.6019,-9.54,999,86,100,5.04,RU,1733016436
347,Paracuru,-3.41,-39.0306,26.27,1012,82,36,5.31,BR,1733016436
348,Srikakulam,18.3,83.9,23.23,1010,80,100,3.68,IN,1733016436
349,Cova Figueira,14.8905,-24.2934,20.09,1017,65,100,3.57,CV,1733016436
350,Noumea,-22.2763,166.4572,29.46,1008,54,48,8.13,NC,1733016436
351,Lorengau,-2.0226,147.2712,30.3,1008,57,100,0.61,PG,1733016436
352,Meulaboh,4.1363,96.1285,24.52,1010,87,100,1.6,ID,1733016436
353,Ta`ū,-14.2336,-169.5144,28.01,1008,74,100,6.05,AS,1733016436
354,Mascote,-15.5631,-39.3025,23.23,1014,88,100,2.3,BR,1733016437
355,Pacific Grove,36.6177,-121.9166,18.14,1018,73,0,3.13,US,1733016437
356,Grand Falls-Windsor,48.9332,-55.6649,-1.39,1006,93,5,2.5,CA,1733016437
357,Mount Gambier,-37.8333,140.7667,17.64,1004,89,99,4.8,AU,1733016437
358,Pechory,57.8164,27.6119,3.43,1025,81,100,5.62,RU,1733016437
359,Miyako,39.6367,141.9525,7.5,1012,49,0,2.3,JP,1733016437
360,Erenhot,43.6475,111.9767,-3.67,1016,60,96,7.92,CN,1733016438
361,Ballina,-28.8667,153.5667,24.88,1010,84,77,7.21,AU,1733016438
362,Ginir,7.1333,40.7,12.04,1017,42,88,2.82,ET,1733016438
363,Fallon,39.4735,-118.7774,2.93,1023,52,0,2.06,US,1733016438
364,Vadsø,70.0744,29.7487,-5.91,1004,73,100,8.75,NO,1733016439
365,Ust-Tsilma,65.441,52.1498,-7.56,1009,87,16,4.49,RU,1733016439
366,Bryne,58.7354,5.6477,9.97,1016,76,75,8.23,NO,1733016439
367,Miquelon,47.0975,-56.3814,5.21,1008,69,6,5.9,PM,1733016256
368,Atherton,53.5237,-2.4935,13.49,1013,92,100,2.24,GB,1733016439
369,I-n-Salah,27.1935,2.4607,15.26,1021,30,77,5.03,DZ,1733016446
370,Uturoa,-16.7333,-151.4333,27.7,1011,71,16,1.66,PF,1733016446
371,Hārij,23.7,71.9,16.76,1012,31,0,3.54,IN,1733016446
372,Puerto Baquerizo Moreno,-0.9,-89.6,21.06,1012,83,61,4.69,EC,1733016446
373,Fort McMurray,56.7268,-111.381,-19.23,1034,84,100,2.06,CA,1733016325
374,Campoverde,-8.4753,-74.8058,25.83,1011,99,54,0.29,PE,1733016446
375,Beckley,37.7782,-81.1882,-2.64,1025,59,0,4.12,US,1733016446
376,Pasni,25.2631,63.471,23.56,1012,62,0,2.22,PK,1733016447
377,Coquimbo,-29.9533,-71.3436,13.85,1015,88,0,4.12,CL,1733016064
378,Brisas de Zicatela,15.8369,-97.0419,27.29,1012,83,0,1.03,MX,1733016447
379,Longyearbyen,78.2186,15.6401,-8.09,1003,53,40,5.66,SJ,1733016447
380,Kokopo,-4.352,152.2633,30.1,1007,65,33,2.46,PG,1733016447
381,Fort Bragg,35.139,-79.006,1.62,1024,80,0,0.0,US,1733016447
382,Alo,6.5486,4.2686,23.81,1011,58,5,1.95,NG,1733016447
383,Badger,64.8,-147.5333,-19.8,1025,81,0,4.12,US,1733016447
384,Xigazê,29.25,88.8833,-3.94,1015,44,0,1.25,CN,1733016447
385,Lā‘ie,21.6477,-157.9253,27.81,1013,73,7,1.79,US,1733016447
386,Salinas,36.6777,-121.6555,18.37,1018,58,0,0.0,US,1733016238
387,Paita,-5.0892,-81.1144,20.22,1012,83,100,6.76,PE,1733016448
388,Sitia,35.2,26.0986,17.19,1017,75,43,6.46,GR,1733016448
389,Kiruna,67.8557,20.2251,-12.49,1009,85,100,1.54,SE,1733016448
390,Astoria,46.1879,-123.8313,7.7,1023,77,0,3.58,US,1733016282
391,Magadan,59.5667,150.8,-3.06,1006,77,100,6.44,RU,1733016448
392,Yarmouth,41.7057,-70.2286,3.03,1015,58,100,8.05,US,1733016448
393,Paso de los Libres,-29.7131,-57.0899,26.02,1008,73,0,4.63,AR,1733016448
394,Bojnourd,37.4747,57.329,-0.03,1031,80,75,1.03,IR,1733016448
395,Thinadhoo,0.5333,72.9333,27.68,1010,76,100,8.96,MV,1733016448
396,Susuman,62.7833,148.1667,-16.16,1018,99,98,1.1,RU,1733016448
397,Nabire,-3.3667,135.4833,28.87,1009,77,92,1.58,ID,1733016448
398,Galliano,29.4422,-90.2992,11.0,1024,71,0,1.54,US,1733016449
399,Dakhla,23.6848,-15.958,23.07,1019,45,100,2.65,EH,1733016449
400,Makurazaki,31.2667,130.3167,13.4,1019,65,56,2.12,JP,1733016449
401,Kapuskasing,49.4169,-82.4331,-5.95,1007,93,100,4.12,CA,1733016449
402,Larkird,35.4894,66.6641,-1.08,1024,85,65,1.98,AF,1733016449
403,Kasane,-17.8167,25.15,21.31,1013,72,58,1.69,BW,1733016449
404,Stung Treng,13.5259,105.9683,22.65,1012,76,1,1.56,KH,1733016450
405,Minas de Marcona,-15.2119,-75.1103,15.73,1014,87,90,5.78,PE,1733016450
406,Lázaro Cárdenas,17.9583,-102.2,25.84,1011,81,0,3.49,MX,1733016450
407,Alice Springs,-23.7,133.8833,33.75,1007,33,82,6.69,AU,1733016450
408,Kourou,5.1552,-52.6478,24.34,1014,93,97,1.94,GF,1733016451
409,Cabedelo,-6.9811,-34.8339,25.37,1014,78,7,3.24,BR,1733016160
410,Ryōtsu-minato,38.0833,138.4333,10.91,1015,66,45,5.31,JP,1733016451
411,Okhotsk,59.3833,143.3,-5.29,1007,78,100,5.21,RU,1733016451
412,Luang Prabang,19.8856,102.1347,16.98,1014,88,100,1.03,LA,1733016451
413,Şuwayr,30.1171,40.3893,10.14,1021,53,0,2.82,SA,1733016451
414,Aleksandrovskoye,44.7142,43.0008,-0.39,1033,86,20,2.03,RU,1733016451
415,Cambridge,43.3601,-80.3127,-4.15,1016,81,100,6.94,CA,1733016165
416,Ola,59.5833,151.2833,-2.64,1006,78,100,6.09,RU,1733016451
417,Laojunmiao,39.8333,97.7333,-4.86,1021,35,21,3.13,CN,1733016451
418,Birjand,32.8663,59.2211,-1.74,1021,50,0,2.06,IR,1733016451
419,Río Guayabal de Yateras,20.3667,-75.0167,20.55,1016,99,29,1.38,CU,1733016451
420,Shalkar,47.8288,59.6258,-1.92,1026,77,95,3.88,KZ,1733016452
421,Taltal,-25.4,-70.4833,18.62,1014,74,6,1.79,CL,1733016452
422,Obo,5.3998,26.4869,19.78,1012,44,7,1.67,CF,1733016452
423,Andorra,42.5,1.5,11.78,1026,76,6,2.62,AD,1733016452
424,San Fernando de Monte Cristi,19.8667,-71.65,26.27,1015,81,8,1.92,DO,1733016452
425,Kaka,37.3482,59.6143,4.97,1031,69,61,0.64,TM,1733016452
426,Conde,-7.2597,-34.9075,24.7,1014,83,0,2.06,BR,1733016351
427,Parkano,62.0167,23.0167,4.44,1012,96,100,5.19,FI,1733016460
428,Villa Gesell,-37.2639,-56.973,16.14,1014,68,0,8.59,AR,1733016460
429,Happy Valley-Goose Bay,53.3168,-60.3315,-0.83,993,80,75,5.66,CA,1733016460
430,Añatuya,-28.4606,-62.8347,26.23,1005,72,100,1.96,AR,1733016461
431,Suong,11.9115,105.6533,22.85,1011,77,85,4.08,KH,1733016461
432,Saruhanlı,38.7346,27.5681,11.79,1020,60,100,1.23,TR,1733016265
433,Basco,20.4487,121.9702,24.27,1015,74,100,8.78,PH,1733016461
434,Bikenibeu Village,1.3673,173.1241,31.98,1006,62,20,5.14,KI,1733016461
435,Qarqaraly,49.4058,75.4742,-0.99,1022,98,100,4.05,KZ,1733016461
436,Takoradze,4.8845,-1.7554,26.42,1011,75,4,1.89,GH,1733016461
437,Coahuayana de Hidalgo,18.7,-103.6583,24.0,1012,91,25,0.77,MX,1733016461
438,Bharatpur,27.2167,77.4833,14.41,1014,31,0,0.5,IN,1733016461
439,Kulhudhuffushi,6.6221,73.07,27.92,1009,66,76,8.18,MV,1733016461
440,Pandan,14.0453,124.1694,25.91,1008,97,100,11.34,PH,1733016461
441,Burutu,5.3509,5.5076,26.19,1011,78,30,1.03,NG,1733016461
442,Madimba,-10.4,40.3333,24.34,1012,88,100,4.48,TZ,1733016462
443,Sept-Îles,50.2001,-66.3821,-2.0,1001,78,75,6.17,CA,1733016462
444,Priyutnoye,46.1011,43.5072,0.14,1033,85,100,2.45,RU,1733016462
445,Flin Flon,54.7682,-101.865,-15.99,1032,99,86,1.71,CA,1733016462
446,Winsted,41.9212,-73.0601,-1.96,1016,78,18,0.89,US,1733016462
447,George Town,5.4112,100.3354,26.96,1010,83,20,1.54,MY,1733016408
448,Eydhafushi,5.1033,73.0708,27.54,1009,75,100,7.26,MV,1733016462
449,Kismayo,-0.3582,42.5454,26.88,1010,83,37,4.39,SO,1733016462
450,Mpulungu,-8.7623,31.1141,21.98,1013,83,100,3.98,ZM,1733016463
451,Le Port,-20.9373,55.2919,23.98,1014,72,7,1.66,RE,1733016463
452,Mhamid,29.82,-5.72,16.32,1024,27,53,1.84,MA,1733016464
453,Uribia,11.7139,-72.266,28.06,1010,76,36,7.13,CO,1733016464
454,Beryozovo,63.9381,65.0419,-7.2,1006,79,67,4.46,RU,1733016464
455,El-Tor,28.2364,33.6254,15.97,1017,61,0,5.15,EG,1733016464
456,Grootfontein,-19.5667,18.1167,21.76,1012,26,9,2.57,NA,1733016465
457,São Tomé,0.3365,6.7273,26.49,1011,83,90,2.11,ST,1733016466
458,Abra Pampa,-22.7205,-65.697,14.25,1012,61,100,1.14,AR,1733016468
459,Mata-Utu,-13.2816,-176.1745,28.17,1007,74,37,2.97,WF,1733016468
460,Hammerfest,70.6634,23.6821,-3.75,1005,93,75,2.57,NO,1733016468
461,Lincheng,19.9078,109.6858,20.17,1015,74,44,2.61,CN,1733016468
462,Mana,5.6592,-53.7767,24.24,1014,93,100,4.05,GF,1733016468
463,Nelson Bay,-32.7167,152.15,30.61,1007,78,5,3.13,AU,1733016468
464,Enewetak,11.3474,162.3373,28.1,1009,79,100,10.13,MH,1733016468
465,Rovaniemi,66.5,25.7167,-6.33,1007,93,0,2.06,FI,1733016468
466,Adrar,20.5022,-10.0711,17.97,1019,21,33,4.88,MR,1733016468
467,Nueva Gerona,21.8833,-82.8,24.4,1017,78,0,7.15,CU,1733016302
468,Iskateley,67.6803,53.1512,-6.35,1000,88,74,10.28,RU,1733016468
469,Mar del Plata,-38.0023,-57.5575,17.69,1013,81,0,4.12,AR,1733016306
470,Bani Walid,31.7566,13.9942,15.95,1023,67,100,5.06,LY,1733016469
471,Barbacoas,1.6715,-78.1398,24.35,1011,94,100,1.11,CO,1733016469
472,Talakan,50.3167,130.3667,-20.01,1017,94,70,1.06,RU,1733016469
473,Bo`ka,40.8108,69.1986,6.5,1027,90,100,2.51,UZ,1733016469
474,Zouérat,22.7187,-12.4521,21.0,1020,19,100,3.52,MR,1733016469
475,Talara,-4.5772,-81.2719,22.42,1012,73,0,5.66,PE,1733016469
476,Manismata,-2.4667,111.0333,27.93,1009,77,85,0.22,ID,1733016469
477,Changping,40.2186,116.2197,5.66,1013,49,0,2.22,CN,1733016469
478,Suntar,62.1444,117.6319,-37.58,1036,100,68,1.05,RU,1733016469
479,San Julián,21.0167,-102.1667,18.17,1014,25,0,1.23,MX,1733016469
480,Zambezi,-13.5432,23.1047,17.99,1013,95,99,0.92,ZM,1733016471
481,Nadi,-17.8,177.4167,30.0,1008,62,20,6.69,FJ,1733016471
482,Baião,-2.7906,-49.6717,28.14,1010,61,93,2.66,BR,1733016471
483,La Ronge,55.1001,-105.2842,-19.86,1033,84,100,1.03,CA,1733016471
484,Barra de Santo Antônio,-9.4047,-35.5072,24.53,1014,78,99,5.51,BR,1733016471
485,Bonthe,7.5264,-12.505,26.09,1012,79,14,1.01,SL,1733016471
486,Ancud,-41.8697,-73.8203,10.22,1015,80,10,3.68,CL,1733016471
487,Tāybād,34.74,60.7756,3.47,1029,64,90,8.28,IR,1733016471
488,Tarawa,1.419,172.984,32.05,1006,62,20,5.14,KI,1733016471
489,Kayangel,8.0823,134.7173,29.48,1009,73,91,5.08,PW,1733016471
490,Leninskiy,54.2781,37.4558,-0.92,1033,92,100,3.91,RU,1733016471
491,Kaintragarh,20.7167,84.5333,20.15,1012,89,100,1.28,IN,1733016471
492,Ha'il,27.5219,41.6907,9.01,1020,66,0,1.03,SA,1733016472
493,Pajapan,18.25,-94.7,23.09,1017,91,35,3.35,MX,1733016472
494,Yulinshi,38.2906,109.7494,0.39,1019,46,0,2.11,CN,1733016472
495,Nagqu Prefecture,31.5,92.0,-8.94,1017,49,41,1.17,CN,1733016472
496,Neiafu,-18.65,-173.9833,25.38,1008,94,100,0.0,TO,1733016472
497,Maumere,-8.6199,122.2111,28.72,1008,77,100,2.67,ID,1733016472
498,Macapá,0.0389,-51.0664,28.99,1012,79,0,5.14,BR,1733016472
499,Santander Jiménez,24.2167,-98.4667,16.42,1021,72,60,4.06,MX,1733016472
500,Koné,-21.0595,164.8658,32.74,1008,40,4,1.02,NC,1733016472
501,Beyneu,45.3167,55.2,-0.21,1029,91,11,3.79,KZ,1733016472
502,Tumpat,6.1978,102.171,25.01,1010,94,20,1.54,MY,1733016459
503,Balboa,2.0396,-77.2168,16.66,1012,94,99,1.47,CO,1733016472
504,Pimentel,-6.8367,-79.9342,21.16,1012,78,0,7.2,PE,1733016473
505,Pingliang,35.5392,106.6861,2.8,1018,36,0,2.03,CN,1733016473
506,Altamira,-3.2033,-52.2064,28.85,1009,51,86,2.65,BR,1733016474
507,Nirmal,19.1,78.35,19.54,1011,74,99,3.57,IN,1733016474
508,Waingapu,-9.6567,120.2641,29.75,1008,68,99,1.43,ID,1733016474
509,Tabou,4.423,-7.3528,25.92,1012,84,0,2.7,CI,1733016474
510,Shizuishan,39.2333,106.7694,0.74,1018,37,6,0.53,CN,1733016474
511,Daru,-9.0763,143.2092,30.23,1007,69,99,1.52,PG,1733016474
512,Burang,30.25,81.1667,-6.07,1022,65,0,2.34,CN,1733016474
513,Mozarlândia,-14.7447,-50.5706,22.76,1011,90,48,1.57,BR,1733016474
514,Vyaz'ma,55.2104,34.2951,-1.04,1032,96,100,4.5,RU,1733016477
515,Lubang,13.8584,120.124,26.96,1010,80,98,7.44,PH,1733016197
516,Katsuura,35.1333,140.3,13.52,1016,54,0,4.5,JP,1733016477
517,El Amria,35.5244,-1.0158,17.48,1024,54,84,2.22,DZ,1733016477
518,Banda Aceh,5.5577,95.3222,26.04,1011,80,100,1.95,ID,1733016477
519,Valley City,46.9233,-98.0032,-14.71,1031,85,100,5.66,US,1733016477
520,Iquitos,-3.7481,-73.2472,24.02,1009,100,0,0.51,PE,1733016477
521,Piti Village,13.4626,144.6933,30.73,1011,82,40,7.2,GU,1733016478
522,Miðvágur,62.0511,-7.1939,10.46,989,93,100,6.17,FO,1733016478
523,Türkmenbaşy,40.0222,52.9552,3.43,1031,93,20,1.03,TM,1733016478
524,Kristiansund,63.1115,7.732,9.36,1006,87,100,2.06,NO,1733016478
525,Boca do Acre,-8.7522,-67.3978,26.08,1009,69,97,1.27,BR,1733016478
526,Naze,28.3667,129.4833,20.51,1018,65,33,2.16,JP,1733016478
527,Center,31.5107,-96.4247,9.51,1023,67,0,0.0,US,1733016478
528,Alvarães,-3.2208,-64.8042,29.47,1007,50,100,1.42,BR,1733016478
529,Inírida,3.8653,-67.9239,24.14,1010,92,100,0.91,CO,1733016478
530,Lillehammer,61.1146,10.4674,1.96,1015,99,100,0.85,NO,1733016478
531,Camalú,30.85,-116.0667,17.0,1016,58,0,2.16,MX,1733016478
532,Novi Pazar,43.1367,20.5122,1.97,1026,100,100,1.84,RS,1733016479
533,Celestún,20.8667,-90.4,24.11,1018,78,0,3.66,MX,1733016479
534,Cumbal,0.9088,-77.7915,7.5,1019,95,46,2.21,CO,1733016479
535,Intendente Alvear,-35.2338,-63.592,16.81,1007,81,45,5.96,AR,1733016479
536,Petrov Val,50.1434,45.2096,-2.09,1034,93,31,1.81,RU,1733016479
537,Rafrāf,37.1904,10.1837,14.3,1024,64,100,6.83,TN,1733016479
538,Taroa,8.7058,171.2275,27.33,1008,81,100,12.03,MH,1733016479
539,Tadine,-21.55,167.8833,27.22,1009,70,50,7.27,NC,1733016479
540,Neryungri,56.6709,124.6491,-22.46,1023,94,100,5.4,RU,1733016479
541,Nelsonville,39.4587,-82.2318,-1.85,1023,70,100,2.8,US,1733016479
542,Kidal,18.4411,1.4078,18.2,1018,15,0,4.08,ML,1733016479
543,Conduaga,8.862,117.4893,27.97,1010,77,100,0.68,PH,1733016198
544,Tamanghasset,22.785,5.5228,13.7,1021,23,0,2.2,DZ,1733016479
545,San Francisco de la Paz,14.9,-86.2,18.74,1017,89,100,1.98,HN,1733016480
546,Yuxi,24.355,102.5422,9.77,1016,92,15,0.71,CN,1733016480
547,Newnham,-41.3833,147.1333,20.53,1001,77,100,6.69,AU,1733016480
548,Sheridan,44.8333,-106.9173,-0.89,1021,76,0,1.54,US,1733016480
549,Cobram,-35.9167,145.65,24.5,1006,35,0,6.05,AU,1733016480
550,Bubaque,11.2833,-15.8333,28.33,1012,50,25,3.61,GW,1733016480
551,Tra Vinh,9.9347,106.3453,25.57,1010,73,100,2.16,VN,1733016481
552,Tharangambadi,11.0319,79.8528,23.15,1003,96,100,6.97,IN,1733016481
553,Trairi,-3.2778,-39.2689,26.16,1012,81,40,5.05,BR,1733016367
554,Helena-West Helena,34.5291,-90.59,5.95,1024,45,7,3.4,US,1733016481
555,Miyaly,48.8844,53.7836,-2.54,1031,89,45,3.29,KZ,1733016482
556,Baruun-Urt,46.6806,113.2792,-10.59,1020,63,0,7.64,MN,1733016482
557,Hilo,19.7297,-155.09,26.16,1014,66,20,3.09,US,1733016482
558,Khārk,29.2614,50.3306,17.01,1018,48,0,8.23,IR,1733016482
559,Kamina,-8.7386,24.9906,17.67,1014,99,100,1.29,CD,1733016482
560,Untsukul',42.7115,46.7866,1.02,1031,79,70,0.59,RU,1733016482
561,Soyo,-6.1349,12.3689,25.71,1011,86,100,3.35,AO,1733016482
562,Acapulco de Juárez,16.8634,-99.8901,27.9,1011,78,0,3.09,MX,1733016402
563,Ingeniero Jacobacci,-41.3427,-69.5448,14.62,1005,28,0,8.67,AR,1733016482
564,Mandalgovi,45.7625,106.2708,-11.76,1028,53,100,10.38,MN,1733016482
565,Swakopmund,-22.6833,14.5333,14.99,1012,87,16,1.79,NA,1733016482
566,Gebeit,21.0667,36.3167,15.82,1016,75,1,1.88,SD,1733016317
567,Changji,44.0167,87.3167,-8.56,1027,86,98,1.0,CN,1733016483
568,Constanța,44.1833,28.65,4.38,1030,71,99,9.72,RO,1733016422
569,Wankyi,7.7392,-2.1046,21.75,1013,43,8,1.06,GH,1733016484
570,Coronel Suárez,-37.4547,-61.9334,19.4,1009,50,100,3.86,AR,1733016484
571,Kotovo,50.3211,44.8012,-2.55,1035,92,22,2.04,RU,1733016484
572,Kotido,2.9806,34.1331,21.79,1012,62,16,2.1,UG,1733016484
573,Westbury,40.7557,-73.5876,1.49,1018,55,2,2.68,US,1733016349
574,São José da Coroa Grande,-8.8978,-35.1478,24.35,1014,77,58,4.62,BR,1733016484
575,Suva,-18.1416,178.4415,30.71,1008,66,75,3.09,FJ,1733016484
576,Manturovo,58.3353,44.7619,-1.44,1025,95,100,3.17,RU,1733016484
